tourist,3976
Um_nik,3777
ksun48,3714
apiad,3705
newbiedmy,3659
Benq,3658
ecnerwala,3646
mnbvmar,3590
yutaka1999,3538
mulgokizary,3535
semiexp,3531
Stonefeang,3479
LHiC,3429
Petr,3381
scott_wu,3373
snuke,3354
endagorion,3348
jiangly,3337
hos_lyric,3328
duality,3314
yosupo,3284
heno239,3266
molamola,3259
Marcin,3246
tour1st,3238
eatmore,3211
gispzjz,3183
ugly2333,3174
KAN,3159
pashka,3144
Merkurev,3141
ainta,3137
xza,3137
peti1234,3123
Egor,3121
aid,3119
hitonanode,3117
koosaga,3114
DmitryGrigorev,3108
WA_TLE,3107
kunyavskiy,3103
aitch,3101
tatyam,3098
zemen,3086
chokudai,3085
AndreySergunin,3065
csy2005,3064
noimi,3038
tozangezan,3028
Swistakk,3026
yokozuna57,3022
antontrygubO_o,3020
zscoder,3019
tlwpdus,3018
qazswedx,3016
noshi91,3015
progmatic,3012
Alex_2oo8,3008
i_am_noob,3003
Itst,2993
desert97,2982
krijgertje,2981
SSRS,2968
Mr_Eight,2967
DEGwer,2960
hank55663,2951
IH19980412,2949
E869120,2947
kczno1,2934
Golovanov399,2928
mmaxio,2926
amoo_safar,2925
square1001,2923
VArtem,2917
zjk1373452814,2917
EntropyIncreaser,2913
majk,2913
potato167,2911
atomicenergy,2910
sigma425,2910
Kostroma,2909
maspy,2902
chb1975,2901
dario2994,2900
lumibons,2899
gyh20,2896
Arterm,2888
SebinKim,2888
dreamoon,2887
Maksim1744,2876
Nachia,2876
SanSiroWaltz,2874
CloudOIer,2870
kotatsugame,2864
shik,2862
LayCurse,2856
CY_WIN_IOI_GOLD,2852
djq__fpc,2851
iloveUtaha,2849
natsugiri,2848
