tourist,4018
ksun48,3768
Um_nik,3752
apiad,3743
ecnerwala,3688
newbiedmy,3686
Benq,3658
mnbvmar,3590
yutaka1999,3538
semiexp,3531
Stonefeang,3479
Petr,3463
mulgokizary,3441
LHiC,3429
scott_wu,3373
endagorion,3348
jiangly,3343
hos_lyric,3328
yosupo,3327
heno239,3321
duality,3314
maroonrk,3312
snuke,3306
eatmore,3291
molamola,3259
tour1st,3238
pashka,3202
cz_xuyixuan,3199
WA_TLE,3192
Marcin,3187
Merkurev,3187
lych_cys,3187
gispzjz,3183
ugly2333,3174
KAN,3159
ainta,3159
xza,3137
kunyavskiy,3130
koosaga,3127
Egor,3121
aid,3119
tatyam,3112
DmitryGrigorev,3108
ariacas,3103
aitch,3101
AndreySergunin,3089
zemen,3086
chokudai,3085
Alex_2oo8,3041
noimi,3039
DEGwer,3031
tozangezan,3028
Swistakk,3026
tlwpdus,3018
antontrygubO_o,3017
hitonanode,3017
qazswedx,3016
noshi91,3015
progmatic,3012
Itst,2993
csy2005,2993
desert97,2982
krijgertje,2981
zscoder,2976
SSRS,2975
Kostroma,2967
yokozuna57,2962
300iq,2956
IH19980412,2949
E869120,2947
hank55663,2938
Kaban5,2936
kczno1,2934
Golovanov399,2928
mmaxio,2926
amoo_safar,2925
square1001,2923
VArtem,2917
zjk1373452814,2917
EntropyIncreaser,2913
majk,2913
i_am_noob,2912
atomicenergy,2910
sigma425,2910
chb1975,2901
dario2994,2900
lumibons,2899
potato167,2891
SebinKim,2888
dreamoon,2887
maspy,2885
natsugiri,2882
Maksim1744,2876
Nachia,2876
nuip,2875
SanSiroWaltz,2874
LayCurse,2862
CY_WIN_IOI_GOLD,2852
wifi,2852
iloveUtaha,2849
medium_waxberry,2845
neal,2842
Feecle6418,2841
sansen,2841
geniucos,2840
zjczzzjczjczzzjc,2840
izban,2837
Vercingetorix,2836
sumitacchan,2836
kotatsugame,2835
zhoukangyang,2834
TeaPot,2829
zxn,2829
zhouzhendong,2828
gyh20,2826
i_love_chickpea,2826
rickytheta,2825
risujiroh,2825
beet,2824
xay5421,2824
chocorusk,2823
LeBron,2822
uwi,2822
riantkb,2820
kobae964,2818
KoD,2815
blackyuki,2815
Aquarius,2813
QCFium,2813
aaa1a,2813
hitoare,2813
Mr_Eight,2811
QAQAutoMaton,2810
Roundgod,2808
Tiramister,2808
kort0n,2808
huzhaoyang,2807
ikatanic,2806
satashun,2805
BigBag,2804
tempura0224,2804
Nyaan,2802
tute7627,2801
cn449,2800
RomaWhite,2798
Belik,2796
huhaoo,2794
voover,2786
mcfx,2784
grumpy_gordon,2776
Rainbow_qwq,2775
smiken,2775
Rubikun,2774
hehezhou,2764
01190220csl,2763
mangolassi,2761
Ping_Pong,2755
peti1234,2749
GendelPiekel,2748
nealchen,2747
Isonan,2746
Tiw_Air_OAO,2745
djq__fpc,2743
ffao,2742
AFOer,2738
kclee2172,2738
Cirno_9baka,2736
camypaper,2731
IAMSB,2727
krismaz,2726
johnchen902,2724
tmwilliamlin168,2723
EricHuang2003,2714
Lagoon,2705
CloudOIer,2700
catupper,2700
yzc2005,2696
Kite_kuma,2694
aacpschool,2693
Rafbill,2684
YashChandnani,2684
zhongzihao,2684
rfv6,2679
gepardo,2672
errorgorn,2669
Heltion,2668
khsoo01,2664
Geothermal,2661
Tomato_Fish,2660
chinerist,2660
sajninredoc,2660
TadijaSebez,2658
daltao,2656
kmjp,2652
turmax,2650
wasa855,2650
Y25t,2648
tokusakurai,2646
betrue12,2639
physics0523,2636
srf,2635
dorijanko,2633
mtsd,2633
jtnydv25,2632
mister,2631
penguinman,2630
xuanyimingtxdy,2629
zerokugi,2627
xellos,2626
He_Ren,2625
PinkRabbit,2624
Wrinx,2623
olphe,2618
wucstdio,2615
ygussany,2614
yuto1115,2614
rin204,2613
yamunaku,2613
AKEE,2612
Argentina_,2612
nxteru,2612
xyz2606,2612
Komaki,2611
t0urist,2611
kdh9949,2610
nqiiii,2610
andrey_efremov,2609
torisasami,2609
xyr2005,2609
lacitirc,2606
m_99,2604
oleh1421,2604
chemthan,2602
iaNTU,2602
cmll02,2601
isaf27,2601
eecs,2595
tabr,2595
simasima,2594
nantf,2593
cdkrot,2592
alishahali1382,2590
leaf1415,2584
happyguy,2579
moririn2528,2577
p_b_p_b,2573
b2563125,2571
fanache99,2570
KrK,2567
ats5515,2567
youngsystem,2567
fuppy0716,2566
tfg,2565
MrDindows,2564
Ra16bit,2561
dokin,2561
TangentDay,2560
almogwald,2560
June_boy,2558
brue79,2558
t1016d,2557
kanjino,2555
ezoilearner,2554
tzc_wk,2553
sapphire15,2550
emthrm,2549
sugarrr,2549
dottle,2547
gs12117,2547
Teosinte,2546
zylber,2544
fangyoule,2543
Ilya_MSU,2541
nocriz,2540
Motarack,2539
newbie314159,2537
mechanicalpenciI,2536
Timur_Sitdikov,2533
white,2532
hofwe,2529
Kevin090228,2528
gazelle,2526
socketnaut,2526
YLWang,2525
cuthbert,2525
AvavaAva,2524
carrot46,2524
vlecomte,2523
Cerberus97,2521
LJC00118,2520
zxyhymzg,2518
tomerun,2517
Trineutron,2513
kkktl01,2513
AndrewG,2512
PCTprobability,2510
pes,2510
august14,2508
fishingprince,2505
ir5,2504
icecuber,2503
HDMMBLZ,2502
uyom,2500
Ormlis,2498
MMNMM,2494
cwystc,2492
googol_S0,2492
ttttan,2489
EliteWantsYou,2488
dblark,2488
Eric_hoo,2487
skyline,2487
tran0826,2485
Kiri8128,2482
command_block,2482
timmyfeng,2482
ooozeqes,2479
tamato,2479
kcm1700,2478
rniya,2478
convexineq,2477
FSYo,2476
SegmentTree,2475
teja349,2475
Motsu_xe,2474
chasedeath,2474
se1ka2,2472
BudAlNik,2469
patrikpavic2,2469
is_this_fft,2467
TheScrasse,2466
flashmt,2466
kotamanegi,2464
nigus,2463
radoslav11,2463
yangziheng,2463
Alan233,2461
Vasyl,2457
hirosegolf,2457
semisagi,2457
yesterday,2456
dnialh,2454
AngusRitossa,2452
I_dont_know,2452
FlowerOfSorrow,2450
dqa2018,2449
gxy,2448
hotman78,2448
Hyperbolic,2446
Shun_PI,2446
KevinWan,2445
Tlatoani,2445
savkinsd2089,2445
YaoBIG,2443
jell,2442
Shibuyap,2441
Tejs,2441
rushcheyo,2440
WildKangaroo,2439
logicmachine,2438
nok0,2438
sjc061031,2438
lqs2015,2437
Kurpilyansky,2436
Froggygua,2433
skylinebaby,2431
enjapma,2430
heyshb,2430
Denisson,2429
mHuman,2429
zundamochi_1117,2429
Jirotech,2426
fedoseev_timofey,2425
Alice_foo_foo,2424
ESpace,2424
omeduy,2424
George1123,2423
Hemimor,2423
Oolimry,2422
kongweijia,2421
tokoharu,2421
mikit,2420
pred,2420
xiaoyaowudi,2416
SHENZHEBEI,2415
SSerxhs,2414
guangxuan,2414
skywalkert,2413
chinauser,2412
Remakee,2411
TheLostWeak,2411
abc864197532,2409
lzr156,2409
nhho,2409
cjy,2408
kostia244,2407
nwin,2407
p998244353,2407
tzxydby,2407
kyopro_friends,2406
pwild,2405
zzr,2405
Gary,2402
IgorI,2401
shayanp,2398
suisen,2397
Crabby_Maskiv,2396
xpysss,2396
riano_,2395
goodbaton,2391
fengzhengwei,2390
posij118,2390
fruwajacybyk,2389
Misaka_Mikoto_,2386
Batrr,2384
brown_amaurotis,2384
jacynkaa,2384
Samvel,2383
chenkuowen,2383
Jatana,2381
Sooke,2380
gzy_cjoier,2376
nonamefour0210,2376
test12345,2374
Kude,2373
Forested,2371
not,2371
subscriber,2371
eexyz,2370
keymoon,2370
int65536,2369
reew2n,2369
darnley,2367
fastmath,2367
wave,2367
Alexandr_TS,2364
gs18115,2364
qiqi20021026,2364
hamadu,2363
Summerzy2,2362
Kirill22,2361
gmh77,2361
kimiyuki,2358
rahuldugar,2358
zzd233,2358
nebocco,2357
nera6,2355
anachor,2354
AhoCorasick,2351
zkou,2350
imalyd,2349
dlalswp25,2348
yijan,2345
shiomusubi496,2344
Miyukine,2343
ei13333,2343
marcin1337,2343
omochana2,2343
satanic0258,2343
Kapt,2342
sak,2342
fsouza,2341
SPD_9X2,2337
xyf007,2336
zihouzhong,2335
huangzirui,2334
vwxyz,2333
xiaoziyao,2332
wangzhifang,2331
shubham__36,2330
ScottX,2329
lihao888,2325
kiyoshi0205,2323
flowlight,2321
drken,2319
Delfad0r,2318
pl_er,2317
tiger2005,2317
xyz32768,2317
platypus,2316
w0nsh,2316
keep__calm,2314
Tallfall,2313
akouryy,2313
ixmel_rd,2313
kal013,2313
ngtkana,2313
abc050,2312
AmShZ,2310
Ronnie007,2309
triple__a,2309
Xylofo,2308
rembocoder,2308
chiara_kyokkou,2307
yht_boyfriend,2306
amylase,2305
Pajaraja,2303
emofunc,2302
nikgaevoy,2302
savacska,2302
TAISA_,2301
aajisaka,2301
ogingin,2301
Yu_212,2298
ZPAYAUR,2298
Koosha_mv,2297
etyu,2297
spc349,2296
wrz,2293
justinlai,2292
qwerty787788,2292
AlirezaKaviani,2291
dividebyzero,2291
SYury,2290
disangan233,2289
SocialZxy,2288
songjiaxing,2288
valerikk,2288
DRA,2287
OIerwanhong,2287
ivanovmp,2286
TheOneYouWant,2285
chenjb,2284
CCPSDCGK,2282
yinianzhijian,2282
ANMI,2281
Bench0310,2281
RainAIr,2280
dengyaotriangle,2280
kshitij_789,2280
bujiandan,2279
existar,2279
Barichek,2278
piggydan,2278
ytkn,2278
prabowo,2277
haruki_K,2276
potoooooooo,2276
wifiii,2275
ynasu,2275
juruozjj,2273
shun0923,2273
moeka,2272
tada72,2272
Little09,2271
baluteshih,2270
BadWaper,2269
BThero,2267
PotassiumNitrate,2267
lytqwq,2267
rama_pang,2267
xiaolilsq,2267
Suika_predator,2265
aropan,2263
1_no_se,2262
kaage,2262
Haa,2260
flukehn,2259
ush,2258
CCF_NOI,2257
cai_lw,2257
abeker,2256
ichyo,2255
Mlxa,2254
RUSH_D_CAT,2254
alex9801,2254
lisifu,2252
suwakow,2252
mel1,2251
yao99,2250
TyomaR,2249
anmichi,2248
Hezhu,2247
caeious,2246
zengminghao,2246
ZCKevin,2245
yuusanlondon,2245
nobik,2244
QYHamster,2243
Marckess,2242
Mip182,2242
adrianbudau,2242
KHIN,2241
Kubic,2241
azberjibiou,2241
autumn_eel,2239
BohdanPastuschak,2237
hs_black,2237
LiChenKoh,2236
puzneko,2234
SevenDawns,2233
atodo,2233
Hoi_koro,2231
cuiaoxiang,2231
SheepRanger,2230
SoulTch,2230
mshcherba,2230
wafrelka,2229
edenooo,2228
luma,2228
Milk131115King,2226
primenumber,2226
azukun,2225
kencho,2225
Tima,2223
lucas3h,2223
milisav,2223
HBit,2221
RobeZH,2221
orthogonal,2221
tasmeemreza,2221
Blueqwq,2220
Qiuly,2220
hiratai,2220
zzw4257,2220
Soulist,2219
Troverld,2219
xuanxuan001,2219
Arg_007,2218
The_Unbeatable,2218
snow39,2218
gabrielwu,2217
Lianyouchang,2216
T1duS,2216
hte,2216
AlesyaIvanova,2215
Kewth,2215
Series_205,2214
ynymxiaolongbao,2214
KBTIT,2213
primenumber_zz,2213
shijiuwan,2213
MoQZ,2211
cs71107,2211
kurowassann,2211
wygz,2211
PlanarG,2210
TrivialMan,2210
nagiss,2210
wangziji,2210
EasonTao,2209
ashmelev,2209
btk15049,2209
compute,2209
NMLibrary,2208
platelets,2208
dengyipeng,2207
Ecrade__,2206
Hec,2206
Jeffrey,2206
pachicobue,2206
soryuusi0219,2206
AnandOza,2205
toam,2204
MTGS,2203
knshnb,2203
YangDavid,2201
OneInDark,2199
liouzhou_101,2199
Daniel_yuan,2198
kuhaku,2198
tsutaj,2198
Seniorious,2197
Endered,2196
KLPP,2196
liuhengxi,2196
mamekin,2196
shadow_,2196
vltmtt,2196
CyanCharlotte,2195
_Peter_,2195
penguinhacker,2195
Yousef_Salama,2194
kento_maeda,2194
ryoissy,2194
Blue_Zenith,2193
CoderAnshu,2193
eee_hoho,2193
danthespaceman,2192
wind_whisper,2192
origine,2191
minato_,2190
toshihoge,2190
Lanuxhem,2189
nrvft,2188
otera,2188
CQBZXYX,2187
oneplusone,2187
Wailydest,2186
amentorimaru,2186
applist,2186
fura2,2186
prvocislo,2186
triplem5ds,2186
tuna_salad,2186
shirowa,2185
FMota,2184
linli,2184
shiwei,2184
pigstd,2183
xjy,2183
Lawali,2181
hualian,2181
maple116,2181
zhouhuanyi,2181
johnathan79717,2180
seica,2178
somuch,2178
wanyuezaifengli,2178
jjang36524,2177
VladProg,2176
inverse,2176
mencotton,2176
sotanishy,2176
lessmeaning,2175
nasubi24,2175
houzhiyuan,2173
moonrabbit2,2172
pornjoke,2172
waaadreamer,2172
zhylj,2172
yyybbbb,2171
eudanip,2170
naniwazu,2170
mcalancea,2169
shenxy13,2169
Mango,2168
pikel_rik,2168
yhchang3,2168
Minnakhmetov,2167
psz2007,2167
tloinuy,2167
fedosik,2166
r7t,2166
yatuba,2166
Nero,2164
titia,2164
Nots0fast,2163
TearsFreeze,2163
cinnamoroll,2163
PikMike,2162
hir35,2162
Fortin,2161
c8kbf,2160
maximumSHOT,2160
untiunti,2160
Rho17,2158
cirno3153,2158
dantoh,2158
newbiewzs,2158
opt,2158
shino16,2158
zero_4338,2158
fhq_treap,2157
gchebanov,2157
suta,2157
Mojumbo,2156
hiikunZ,2156
monnu,2156
ransewhale,2156
JJLeo,2155
hyjhyj,2155
iica,2154
lucasr,2154
Andres_Unt,2153
eshoru,2153
kyaneko999,2153
Forza_Ferrari,2152
SongsInDream,2152
k111111,2152
wlzhouzhuan,2152
zhouzhuan233,2151
LYC_,2149
Pro_ktmr,2149
amitani,2149
kimden,2149
sokian,2149
Makcum888,2148
cyh_toby,2148
gvihvo,2148
nweeks,2148
hahho,2147
quailty,2147
tricyzhkx,2147
MAOoo,2146
bendan,2146
ikatakos,2146
simkaren,2146
sagittarius_fjz,2145
Thistle,2143
Yufan_Huang,2143
kaikey,2143
yspm,2143
CheckMate,2142
daiwakun,2142
dissonance,2142
nejineji,2142
Alex_Wei,2141
hyman0,2141
rgnerdplayer,2141
ymatsux,2141
yta_smh17,2140
Lemonade255,2139
sam_rei,2139
t3cmax,2139
Blackbird137,2138
rusa,2138
suncongbo,2138
tampa,2138
Emilan,2137
GidroOttenok3797,2137
Trossard11,2137
rabimea,2137
tiantian,2137
tonowak,2137
chenyikai,2135
rkm0959,2135
snuphy,2134
zaki_,2134
Cyanmond,2133
Rudy1000000007,2133
ykl,2133
Appleblue17,2132
PaPa,2132
tqian,2132
traktor74,2132
Everule,2130
hakatashi,2130
Alt3,2129
hamamu,2129
wdakioi,2129
Gromah,2128
ashiq,2128
fangzhijian2020,2128
LHF,2127
MaxPlus,2127
MrBrionix,2127
aurinegro,2127
clyring,2127
yql123456,2127
LMOliver,2126
ecottea,2126
hanoikute5,2126
magsta,2126
wleung_bvg,2125
Ecrade_,2124
EnEm,2124
Mustang,2124
masayoshi64,2124
Acetyl,2123
JackBai,2123
habara_k,2122
hashiryo,2122
kuroni,2122
JovanB,2121
musyoku,2121
BurnoutAg7,2120
Chinese_zjc_,2120
gblaasnicse,2120
hyta4982,2120
kai1000_don,2120
quang,2120
AquaMoon,2119
grass8cow,2119
rainboy,2117
shiroshiro,2117
Juanzhang,2116
caoyuesb,2116
math,2115
Gosu_Hiroo,2114
TangJing,2114
fairy_lettuce,2114
uzzy,2114
extraterrestrial,2113
ikefumy,2113
nakari_1124,2113
Antekb,2112
IakovlevZakhar,2112
TKO,2112
YuYueyuyue1,2112
happyabc,2112
hexa0611,2112
Analyziz,2110
dlhham,2110
lIlIlIl,2110
furuya1223,2109
hepth,2109
kevinyang,2109
moyujiang,2109
BeyondHeaven,2108
Darsein,2108
IdoKessler,2108
MohamedAhmed04,2108
momo_li,2108
Fly_37,2107
Dispersion,2106
hasi,2106
pllk,2106
popovicirobert,2106
Jeroenodb,2105
bekzhan29,2105
obakyan,2105
ZhouShang,2104
mjtai,2104
motomuman,2103
shenmadongdong,2103
wsyhb,2103
Saboon,2102
demoralizer,2102
holeguma,2101
n2_,2101
eSeF,2100
hamayanhamayan,2100
BreezeEnder,2099
Chrono46,2099
taiga0629,2099
MateoCV,2098
MikeMikett,2098
cookies,2098
misorin,2098
shobonvip,2098
wyyxhjth,2098
Lillia,2097
cosmicAC,2097
Favre,2095
Vax,2095
southball,2095
Ashishgup,2094
Crying,2094
FuruyaRei,2094
Silviasylvia,2094
int_cl,2094
tob123,2093
Chanyuh,2092
SSlime,2092
GeZhiyuan,2091
galen_colin,2091
m_tsubasa,2091
AABBTuliwei,2090
Inf_Voltage,2090
mban,2090
nishant6200,2090
Ace_tyl,2088
adamant,2088
wiwiho,2088
WA_King,2087
XiEn1847,2087
eyiigjkn,2086
soshun,2086
maze1230,2085
OIer_kzc,2084
Mitarushi,2083
kusano,2083
yochan,2083
Bungmint,2082
FigFig,2082
Weierstras,2082
Igrmi,2081
KumaTachiRen,2081
PrussianBlue,2081
terry_u16,2081
yudedako,2081
yuma220284,2081
HNO2,2080
humbertoyusta,2080
nskybytskyi,2080
shotoyoo,2080
yupiteru,2080
akulsareen,2079
A_Le_K,2078
sh_mug,2078
Alioski10,2077
Snak3s,2077
rubabredwan,2077
shjzhqm,2077
Haruto810198,2076
baLoon,2076
homesentinel,2076
mihatsu,2076
spepd,2076
xyz1008,2076
TsReaper,2075
jwvg0425,2075
rscodes,2075
ryoryoryo111,2075
snowman1,2075
yamad,2075
spawn,2074
stupid_cdd,2074
gojira_ku,2073
sys,2073
after_all,2072
cottoncotton,2072
LFCode,2071
dynamicI,2071
hht2005,2071
Flying2018,2070
EternalAlexander,2069
Juve45,2069
PetroTarnavskyi,2069
